{
  "$schema": "http://json-schema.org/draft-07/schema",
  "type": "object",
  "properties": {
    "DocumentType": {
      "$ref": "#/definitions/DocumentType"
    }
  },
  "required": [
    "DocumentType"
  ],
  "title":"DocumentType",
  "definitions": {
    "DocumentType": {
      "$id": "#/properties/DocumentType",
      "type": "object",
      "title": "DocumentType",
      "required": [

      ],
      "properties": {
        "name": {
          "type": "string"
        },
        "samples": {
          "type": "array",
          "items": {
            "type": "object",
            "properties": {
              "schemaUrl": {
                "type": "string"
              },
              "certificateUrl": {
                "type": "string"
              },
              "thumbnailUrl": {
                "type": "string"
              }
            }
          }
        }
      }
    }
  },
  "_osConfig": {
    "osComment": [],
    "privateFields": [],
    "signedFields": [],
    "indexFields": [],
    "uniqueIndexFields": [],
    "systemFields": [
      "osCreatedAt",
      "osUpdatedAt",
      "osCreatedBy",
      "osUpdatedBy"
    ],
    "roles": [],
    "inviteRoles": ["anonymous"],
    "ownershipAttributes": []
  }
}
